NIH Racial Category,total_participants,min_delivery_wk,max_delivery_wk,mean_delivery_wk,17,20,22,23,24,25,26,27,28,29,30,31,32,33,34,35,36,37,38,39,40,41,42
American Indian or Alaska Native,5,33,39,35.84,0,0,0,0,0,0,0,0,0,0,0,0,0,1,0,0,2,0,1,1,0,0,0
Asian,80,22,41,34.88235294,0,0,1,1,5,3,1,2,1,2,5,3,2,3,3,8,6,5,6,9,9,5,0
Black or African American,268,17,42,36.31263858,1,1,1,1,9,6,7,7,10,4,5,4,11,6,7,14,23,38,29,45,20,18,1
Native Hawaiian or Other Pacific Islander,3,22,38,30.54545455,0,0,1,0,0,0,0,0,0,0,0,0,0,0,0,0,0,1,1,0,0,0,0
Unknown,30,23,41,36.95480226,0,0,0,1,0,0,0,0,0,0,0,1,0,1,0,2,2,7,3,8,4,1,0
White,234,20,42,36.85805423,0,1,0,1,1,4,6,5,0,4,4,5,4,13,22,11,16,20,25,27,37,23,5
